Name,Birth,Death,Width,Category,Location,,,",","""",
"""Marilyn Monroe """,1926,1962,180,"""Entertainer""","""North America""",,"INSERT INTO history(Id, Name, Birth, Death, Width, Category, Location)",1,"VALUES(1,""Marilyn Monroe "",1926,1962,180,""Entertainer"",""North America"");","INSERT INTO history(Id, Name, Birth, Death, Width, Category, Location) VALUES(1,""Marilyn Monroe "",1926,1962,180,""Entertainer"",""North America"");"
"""Abraham Lincoln """,1809,1865,280,"""Politician""","""North America""",,"INSERT INTO history(Id, Name, Birth, Death, Width, Category, Location)",2,"VALUES(2,""Abraham Lincoln "",1809,1865,280,""Politician"",""North America"");","INSERT INTO history(Id, Name, Birth, Death, Width, Category, Location) VALUES(2,""Abraham Lincoln "",1809,1865,280,""Politician"",""North America"");"
"""Mother Teresa """,1910,1997,435,"""Religion""","""Europe""",,"INSERT INTO history(Id, Name, Birth, Death, Width, Category, Location)",3,"VALUES(3,""Mother Teresa "",1910,1997,435,""Religion"",""Europe"");","INSERT INTO history(Id, Name, Birth, Death, Width, Category, Location) VALUES(3,""Mother Teresa "",1910,1997,435,""Religion"",""Europe"");"
"""John F. Kennedy """,1917,1963,230,"""Politician""","""North America""",,"INSERT INTO history(Id, Name, Birth, Death, Width, Category, Location)",4,"VALUES(4,""John F. Kennedy "",1917,1963,230,""Politician"",""North America"");","INSERT INTO history(Id, Name, Birth, Death, Width, Category, Location) VALUES(4,""John F. Kennedy "",1917,1963,230,""Politician"",""North America"");"
"""Martin Luther King """,1929,1968,195,"""Activist""","""North America""",,"INSERT INTO history(Id, Name, Birth, Death, Width, Category, Location)",5,"VALUES(5,""Martin Luther King "",1929,1968,195,""Activist"",""North America"");","INSERT INTO history(Id, Name, Birth, Death, Width, Category, Location) VALUES(5,""Martin Luther King "",1929,1968,195,""Activist"",""North America"");"
"""Nelson Mandela """,1918,2013,475,"""Politician""","""Africa""",,"INSERT INTO history(Id, Name, Birth, Death, Width, Category, Location)",6,"VALUES(6,""Nelson Mandela "",1918,2013,475,""Politician"",""Africa"");","INSERT INTO history(Id, Name, Birth, Death, Width, Category, Location) VALUES(6,""Nelson Mandela "",1918,2013,475,""Politician"",""Africa"");"
"""Queen Elizabeth II """,1926,2019,465,"""Monarchy""","""Europe""",,"INSERT INTO history(Id, Name, Birth, Death, Width, Category, Location)",7,"VALUES(7,""Queen Elizabeth II "",1926,2019,465,""Monarchy"",""Europe"");","INSERT INTO history(Id, Name, Birth, Death, Width, Category, Location) VALUES(7,""Queen Elizabeth II "",1926,2019,465,""Monarchy"",""Europe"");"
"""Winston Churchill """,1874,1965,455,"""Politician""","""Europe""",,"INSERT INTO history(Id, Name, Birth, Death, Width, Category, Location)",8,"VALUES(8,""Winston Churchill "",1874,1965,455,""Politician"",""Europe"");","INSERT INTO history(Id, Name, Birth, Death, Width, Category, Location) VALUES(8,""Winston Churchill "",1874,1965,455,""Politician"",""Europe"");"
"""Donald Trump """,1946,2019,365,"""Politician""","""North America""",,"INSERT INTO history(Id, Name, Birth, Death, Width, Category, Location)",9,"VALUES(9,""Donald Trump "",1946,2019,365,""Politician"",""North America"");","INSERT INTO history(Id, Name, Birth, Death, Width, Category, Location) VALUES(9,""Donald Trump "",1946,2019,365,""Politician"",""North America"");"
"""Bill Gates """,1955,2019,320,"""Business""","""North America""",,"INSERT INTO history(Id, Name, Birth, Death, Width, Category, Location)",10,"VALUES(10,""Bill Gates "",1955,2019,320,""Business"",""North America"");","INSERT INTO history(Id, Name, Birth, Death, Width, Category, Location) VALUES(10,""Bill Gates "",1955,2019,320,""Business"",""North America"");"
"""Muhammad Ali """,1942,2016,370,"""Sports""","""North America""",,"INSERT INTO history(Id, Name, Birth, Death, Width, Category, Location)",11,"VALUES(11,""Muhammad Ali "",1942,2016,370,""Sports"",""North America"");","INSERT INTO history(Id, Name, Birth, Death, Width, Category, Location) VALUES(11,""Muhammad Ali "",1942,2016,370,""Sports"",""North America"");"
"""Mahatma Gandhi """,1869,1948,395,"""Politician""","""Asia""",,"INSERT INTO history(Id, Name, Birth, Death, Width, Category, Location)",12,"VALUES(12,""Mahatma Gandhi "",1869,1948,395,""Politician"",""Asia"");","INSERT INTO history(Id, Name, Birth, Death, Width, Category, Location) VALUES(12,""Mahatma Gandhi "",1869,1948,395,""Politician"",""Asia"");"
"""Margaret Thatcher """,1925,2013,440,"""Politician""","""Europe""",,"INSERT INTO history(Id, Name, Birth, Death, Width, Category, Location)",13,"VALUES(13,""Margaret Thatcher "",1925,2013,440,""Politician"",""Europe"");","INSERT INTO history(Id, Name, Birth, Death, Width, Category, Location) VALUES(13,""Margaret Thatcher "",1925,2013,440,""Politician"",""Europe"");"
"""Christopher Columbus """,1451,1506,275,"""Exploration""","""Europe""",,"INSERT INTO history(Id, Name, Birth, Death, Width, Category, Location)",14,"VALUES(14,""Christopher Columbus "",1451,1506,275,""Exploration"",""Europe"");","INSERT INTO history(Id, Name, Birth, Death, Width, Category, Location) VALUES(14,""Christopher Columbus "",1451,1506,275,""Exploration"",""Europe"");"
"""Charles Darwin """,1809,1882,365,"""Scientist""","""Europe""",,"INSERT INTO history(Id, Name, Birth, Death, Width, Category, Location)",15,"VALUES(15,""Charles Darwin "",1809,1882,365,""Scientist"",""Europe"");","INSERT INTO history(Id, Name, Birth, Death, Width, Category, Location) VALUES(15,""Charles Darwin "",1809,1882,365,""Scientist"",""Europe"");"
"""Elvis Presley """,1935,1977,210,"""Music""","""North America""",,"INSERT INTO history(Id, Name, Birth, Death, Width, Category, Location)",16,"VALUES(16,""Elvis Presley "",1935,1977,210,""Music"",""North America"");","INSERT INTO history(Id, Name, Birth, Death, Width, Category, Location) VALUES(16,""Elvis Presley "",1935,1977,210,""Music"",""North America"");"
"""Albert Einstein """,1879,1955,380,"""Scientist""","""Europe""",,"INSERT INTO history(Id, Name, Birth, Death, Width, Category, Location)",17,"VALUES(17,""Albert Einstein "",1879,1955,380,""Scientist"",""Europe"");","INSERT INTO history(Id, Name, Birth, Death, Width, Category, Location) VALUES(17,""Albert Einstein "",1879,1955,380,""Scientist"",""Europe"");"
"""Paul McCartney """,1942,2019,385,"""Music""","""Europe""",,"INSERT INTO history(Id, Name, Birth, Death, Width, Category, Location)",18,"VALUES(18,""Paul McCartney "",1942,2019,385,""Music"",""Europe"");","INSERT INTO history(Id, Name, Birth, Death, Width, Category, Location) VALUES(18,""Paul McCartney "",1942,2019,385,""Music"",""Europe"");"
"""Queen Victoria """,1819,1901,410,"""Monarchy""","""Europe""",,"INSERT INTO history(Id, Name, Birth, Death, Width, Category, Location)",19,"VALUES(19,""Queen Victoria "",1819,1901,410,""Monarchy"",""Europe"");","INSERT INTO history(Id, Name, Birth, Death, Width, Category, Location) VALUES(19,""Queen Victoria "",1819,1901,410,""Monarchy"",""Europe"");"
"""Pope Francis """,1936,2019,415,"""Religion""","""South America""",,"INSERT INTO history(Id, Name, Birth, Death, Width, Category, Location)",20,"VALUES(20,""Pope Francis "",1936,2019,415,""Religion"",""South America"");","INSERT INTO history(Id, Name, Birth, Death, Width, Category, Location) VALUES(20,""Pope Francis "",1936,2019,415,""Religion"",""South America"");"
"""Jawaharlal Nehru """,1889,1964,375,"""Politician""","""Asia""",,"INSERT INTO history(Id, Name, Birth, Death, Width, Category, Location)",21,"VALUES(21,""Jawaharlal Nehru "",1889,1964,375,""Politician"",""Asia"");","INSERT INTO history(Id, Name, Birth, Death, Width, Category, Location) VALUES(21,""Jawaharlal Nehru "",1889,1964,375,""Politician"",""Asia"");"
"""Leonardo da Vinci """,1452,1519,335,"""Artist""","""Europe""",,"INSERT INTO history(Id, Name, Birth, Death, Width, Category, Location)",22,"VALUES(22,""Leonardo da Vinci "",1452,1519,335,""Artist"",""Europe"");","INSERT INTO history(Id, Name, Birth, Death, Width, Category, Location) VALUES(22,""Leonardo da Vinci "",1452,1519,335,""Artist"",""Europe"");"
"""Vincent Van Gogh """,1853,1890,185,"""Artist""","""Europe""",,"INSERT INTO history(Id, Name, Birth, Death, Width, Category, Location)",23,"VALUES(23,""Vincent Van Gogh "",1853,1890,185,""Artist"",""Europe"");","INSERT INTO history(Id, Name, Birth, Death, Width, Category, Location) VALUES(23,""Vincent Van Gogh "",1853,1890,185,""Artist"",""Europe"");"
"""Franklin D. Roosevelt """,1882,1945,315,"""Politician""","""North America""",,"INSERT INTO history(Id, Name, Birth, Death, Width, Category, Location)",24,"VALUES(24,""Franklin D. Roosevelt "",1882,1945,315,""Politician"",""North America"");","INSERT INTO history(Id, Name, Birth, Death, Width, Category, Location) VALUES(24,""Franklin D. Roosevelt "",1882,1945,315,""Politician"",""North America"");"
"""Pope John Paul II """,1920,2005,425,"""Religion""","""Europe""",,"INSERT INTO history(Id, Name, Birth, Death, Width, Category, Location)",25,"VALUES(25,""Pope John Paul II "",1920,2005,425,""Religion"",""Europe"");","INSERT INTO history(Id, Name, Birth, Death, Width, Category, Location) VALUES(25,""Pope John Paul II "",1920,2005,425,""Religion"",""Europe"");"
"""Thomas Edison """,1847,1931,420,"""Scientist""","""North America""",,"INSERT INTO history(Id, Name, Birth, Death, Width, Category, Location)",26,"VALUES(26,""Thomas Edison "",1847,1931,420,""Scientist"",""North America"");","INSERT INTO history(Id, Name, Birth, Death, Width, Category, Location) VALUES(26,""Thomas Edison "",1847,1931,420,""Scientist"",""North America"");"
"""Rosa Parks """,1913,2005,460,"""Activist""","""North America""",,"INSERT INTO history(Id, Name, Birth, Death, Width, Category, Location)",27,"VALUES(27,""Rosa Parks "",1913,2005,460,""Activist"",""North America"");","INSERT INTO history(Id, Name, Birth, Death, Width, Category, Location) VALUES(27,""Rosa Parks "",1913,2005,460,""Activist"",""North America"");"
"""Aung San Suu Kyi """,1945,2019,370,"""Politician""","""Asia""",,"INSERT INTO history(Id, Name, Birth, Death, Width, Category, Location)",28,"VALUES(28,""Aung San Suu Kyi "",1945,2019,370,""Politician"",""Asia"");","INSERT INTO history(Id, Name, Birth, Death, Width, Category, Location) VALUES(28,""Aung San Suu Kyi "",1945,2019,370,""Politician"",""Asia"");"
"""Lyndon Johnson """,1908,1973,325,"""Politician""","""North America""",,"INSERT INTO history(Id, Name, Birth, Death, Width, Category, Location)",29,"VALUES(29,""Lyndon Johnson "",1908,1973,325,""Politician"",""North America"");","INSERT INTO history(Id, Name, Birth, Death, Width, Category, Location) VALUES(29,""Lyndon Johnson "",1908,1973,325,""Politician"",""North America"");"
"""Ludwig Beethoven """,1770,1827,285,"""Music""","""Europe""",,"INSERT INTO history(Id, Name, Birth, Death, Width, Category, Location)",30,"VALUES(30,""Ludwig Beethoven "",1770,1827,285,""Music"",""Europe"");","INSERT INTO history(Id, Name, Birth, Death, Width, Category, Location) VALUES(30,""Ludwig Beethoven "",1770,1827,285,""Music"",""Europe"");"
"""Oprah Winfrey """,1954,2019,325,"""Entertainer""","""North America""",,"INSERT INTO history(Id, Name, Birth, Death, Width, Category, Location)",31,"VALUES(31,""Oprah Winfrey "",1954,2019,325,""Entertainer"",""North America"");","INSERT INTO history(Id, Name, Birth, Death, Width, Category, Location) VALUES(31,""Oprah Winfrey "",1954,2019,325,""Entertainer"",""North America"");"
"""Indira Gandhi """,1917,1984,335,"""Politician""","""Asia""",,"INSERT INTO history(Id, Name, Birth, Death, Width, Category, Location)",32,"VALUES(32,""Indira Gandhi "",1917,1984,335,""Politician"",""Asia"");","INSERT INTO history(Id, Name, Birth, Death, Width, Category, Location) VALUES(32,""Indira Gandhi "",1917,1984,335,""Politician"",""Asia"");"
"""Eva Peron """,1919,1952,165,"""Politician""","""South America""",,"INSERT INTO history(Id, Name, Birth, Death, Width, Category, Location)",33,"VALUES(33,""Eva Peron "",1919,1952,165,""Politician"",""South America"");","INSERT INTO history(Id, Name, Birth, Death, Width, Category, Location) VALUES(33,""Eva Peron "",1919,1952,165,""Politician"",""South America"");"
"""Benazir Bhutto """,1953,2007,270,"""Politician""","""Asia""",,"INSERT INTO history(Id, Name, Birth, Death, Width, Category, Location)",34,"VALUES(34,""Benazir Bhutto "",1953,2007,270,""Politician"",""Asia"");","INSERT INTO history(Id, Name, Birth, Death, Width, Category, Location) VALUES(34,""Benazir Bhutto "",1953,2007,270,""Politician"",""Asia"");"
"""George Orwell """,1903,1950,235,"""Author""","""Europe""",,"INSERT INTO history(Id, Name, Birth, Death, Width, Category, Location)",35,"VALUES(35,""George Orwell "",1903,1950,235,""Author"",""Europe"");","INSERT INTO history(Id, Name, Birth, Death, Width, Category, Location) VALUES(35,""George Orwell "",1903,1950,235,""Author"",""Europe"");"
"""Desmond Tutu """,1931,2019,440,"""Religion""","""Africa""",,"INSERT INTO history(Id, Name, Birth, Death, Width, Category, Location)",36,"VALUES(36,""Desmond Tutu "",1931,2019,440,""Religion"",""Africa"");","INSERT INTO history(Id, Name, Birth, Death, Width, Category, Location) VALUES(36,""Desmond Tutu "",1931,2019,440,""Religion"",""Africa"");"
"""Dalai Lama """,1938,2019,405,"""Religion""","""Asia""",,"INSERT INTO history(Id, Name, Birth, Death, Width, Category, Location)",37,"VALUES(37,""Dalai Lama "",1938,2019,405,""Religion"",""Asia"");","INSERT INTO history(Id, Name, Birth, Death, Width, Category, Location) VALUES(37,""Dalai Lama "",1938,2019,405,""Religion"",""Asia"");"
"""Walt Disney """,1901,1966,325,"""Entertainer""","""North America""",,"INSERT INTO history(Id, Name, Birth, Death, Width, Category, Location)",38,"VALUES(38,""Walt Disney "",1901,1966,325,""Entertainer"",""North America"");","INSERT INTO history(Id, Name, Birth, Death, Width, Category, Location) VALUES(38,""Walt Disney "",1901,1966,325,""Entertainer"",""North America"");"
"""Neil Armstrong """,1930,2012,410,"""Scientist""","""North America""",,"INSERT INTO history(Id, Name, Birth, Death, Width, Category, Location)",39,"VALUES(39,""Neil Armstrong "",1930,2012,410,""Scientist"",""North America"");","INSERT INTO history(Id, Name, Birth, Death, Width, Category, Location) VALUES(39,""Neil Armstrong "",1930,2012,410,""Scientist"",""North America"");"
"""Peter Sellers """,1925,1980,275,"""Entertainer""","""Europe""",,"INSERT INTO history(Id, Name, Birth, Death, Width, Category, Location)",40,"VALUES(40,""Peter Sellers "",1925,1980,275,""Entertainer"",""Europe"");","INSERT INTO history(Id, Name, Birth, Death, Width, Category, Location) VALUES(40,""Peter Sellers "",1925,1980,275,""Entertainer"",""Europe"");"
"""Barack Obama """,1961,2019,290,"""Politician""","""North America""",,"INSERT INTO history(Id, Name, Birth, Death, Width, Category, Location)",41,"VALUES(41,""Barack Obama "",1961,2019,290,""Politician"",""North America"");","INSERT INTO history(Id, Name, Birth, Death, Width, Category, Location) VALUES(41,""Barack Obama "",1961,2019,290,""Politician"",""North America"");"
"""Malcolm X """,1925,1965,200,"""Activist""","""North America""",,"INSERT INTO history(Id, Name, Birth, Death, Width, Category, Location)",42,"VALUES(42,""Malcolm X "",1925,1965,200,""Activist"",""North America"");","INSERT INTO history(Id, Name, Birth, Death, Width, Category, Location) VALUES(42,""Malcolm X "",1925,1965,200,""Activist"",""North America"");"
"""J.K.Rowling """,1965,2019,270,"""Author""","""Europe""",,"INSERT INTO history(Id, Name, Birth, Death, Width, Category, Location)",43,"VALUES(43,""J.K.Rowling "",1965,2019,270,""Author"",""Europe"");","INSERT INTO history(Id, Name, Birth, Death, Width, Category, Location) VALUES(43,""J.K.Rowling "",1965,2019,270,""Author"",""Europe"");"
"""Richard Branson """,1950,2019,345,"""Business""","""Europe""",,"INSERT INTO history(Id, Name, Birth, Death, Width, Category, Location)",44,"VALUES(44,""Richard Branson "",1950,2019,345,""Business"",""Europe"");","INSERT INTO history(Id, Name, Birth, Death, Width, Category, Location) VALUES(44,""Richard Branson "",1950,2019,345,""Business"",""Europe"");"
"""Pele """,1940,2019,395,"""Sports""","""South America""",,"INSERT INTO history(Id, Name, Birth, Death, Width, Category, Location)",45,"VALUES(45,""Pele "",1940,2019,395,""Sports"",""South America"");","INSERT INTO history(Id, Name, Birth, Death, Width, Category, Location) VALUES(45,""Pele "",1940,2019,395,""Sports"",""South America"");"
"""Angelina Jolie """,1975,2019,220,"""Entertainer""","""North America""",,"INSERT INTO history(Id, Name, Birth, Death, Width, Category, Location)",46,"VALUES(46,""Angelina Jolie "",1975,2019,220,""Entertainer"",""North America"");","INSERT INTO history(Id, Name, Birth, Death, Width, Category, Location) VALUES(46,""Angelina Jolie "",1975,2019,220,""Entertainer"",""North America"");"
"""Jesse Owens """,1913,1980,335,"""Sports""","""North America""",,"INSERT INTO history(Id, Name, Birth, Death, Width, Category, Location)",47,"VALUES(47,""Jesse Owens "",1913,1980,335,""Sports"",""North America"");","INSERT INTO history(Id, Name, Birth, Death, Width, Category, Location) VALUES(47,""Jesse Owens "",1913,1980,335,""Sports"",""North America"");"
"""Ernest Hemingway """,1899,1961,310,"""Author""","""North America""",,"INSERT INTO history(Id, Name, Birth, Death, Width, Category, Location)",48,"VALUES(48,""Ernest Hemingway "",1899,1961,310,""Author"",""North America"");","INSERT INTO history(Id, Name, Birth, Death, Width, Category, Location) VALUES(48,""Ernest Hemingway "",1899,1961,310,""Author"",""North America"");"
"""John Lennon """,1940,1980,200,"""Music""","""Europe""",,"INSERT INTO history(Id, Name, Birth, Death, Width, Category, Location)",49,"VALUES(49,""John Lennon "",1940,1980,200,""Music"",""Europe"");","INSERT INTO history(Id, Name, Birth, Death, Width, Category, Location) VALUES(49,""John Lennon "",1940,1980,200,""Music"",""Europe"");"
"""Henry Ford """,1863,1947,420,"""Business""","""North America""",,"INSERT INTO history(Id, Name, Birth, Death, Width, Category, Location)",50,"VALUES(50,""Henry Ford "",1863,1947,420,""Business"",""North America"");","INSERT INTO history(Id, Name, Birth, Death, Width, Category, Location) VALUES(50,""Henry Ford "",1863,1947,420,""Business"",""North America"");"
"""Haile Selassie """,1892,1975,415,"""Politician""","""Africa""",,"INSERT INTO history(Id, Name, Birth, Death, Width, Category, Location)",51,"VALUES(51,""Haile Selassie "",1892,1975,415,""Politician"",""Africa"");","INSERT INTO history(Id, Name, Birth, Death, Width, Category, Location) VALUES(51,""Haile Selassie "",1892,1975,415,""Politician"",""Africa"");"
"""Joseph Stalin """,1879,1953,370,"""Politician""","""Europe""",,"INSERT INTO history(Id, Name, Birth, Death, Width, Category, Location)",52,"VALUES(52,""Joseph Stalin "",1879,1953,370,""Politician"",""Europe"");","INSERT INTO history(Id, Name, Birth, Death, Width, Category, Location) VALUES(52,""Joseph Stalin "",1879,1953,370,""Politician"",""Europe"");"
"""Michael Jordon """,1963,2019,280,"""Sports""","""North America""",,"INSERT INTO history(Id, Name, Birth, Death, Width, Category, Location)",54,"VALUES(54,""Michael Jordon "",1963,2019,280,""Sports"",""North America"");","INSERT INTO history(Id, Name, Birth, Death, Width, Category, Location) VALUES(54,""Michael Jordon "",1963,2019,280,""Sports"",""North America"");"
"""George Bush Jnr """,1946,2019,365,"""Politician""","""North America""",,"INSERT INTO history(Id, Name, Birth, Death, Width, Category, Location)",55,"VALUES(55,""George Bush Jnr "",1946,2019,365,""Politician"",""North America"");","INSERT INTO history(Id, Name, Birth, Death, Width, Category, Location) VALUES(55,""George Bush Jnr "",1946,2019,365,""Politician"",""North America"");"
"""Vladimir Lenin """,1870,1924,270,"""Politician""","""Europe""",,"INSERT INTO history(Id, Name, Birth, Death, Width, Category, Location)",56,"VALUES(56,""Vladimir Lenin "",1870,1924,270,""Politician"",""Europe"");","INSERT INTO history(Id, Name, Birth, Death, Width, Category, Location) VALUES(56,""Vladimir Lenin "",1870,1924,270,""Politician"",""Europe"");"
"""Ingrid Bergman """,1915,1982,335,"""Entertainer""","""Europe""",,"INSERT INTO history(Id, Name, Birth, Death, Width, Category, Location)",57,"VALUES(57,""Ingrid Bergman "",1915,1982,335,""Entertainer"",""Europe"");","INSERT INTO history(Id, Name, Birth, Death, Width, Category, Location) VALUES(57,""Ingrid Bergman "",1915,1982,335,""Entertainer"",""Europe"");"
"""Fidel Castro """,1926,2019,465,"""Politician""","""North America""",,"INSERT INTO history(Id, Name, Birth, Death, Width, Category, Location)",58,"VALUES(58,""Fidel Castro "",1926,2019,465,""Politician"",""North America"");","INSERT INTO history(Id, Name, Birth, Death, Width, Category, Location) VALUES(58,""Fidel Castro "",1926,2019,465,""Politician"",""North America"");"
"""Leo Tolstoy """,1828,1910,410,"""Author""","""Europe""",,"INSERT INTO history(Id, Name, Birth, Death, Width, Category, Location)",59,"VALUES(59,""Leo Tolstoy "",1828,1910,410,""Author"",""Europe"");","INSERT INTO history(Id, Name, Birth, Death, Width, Category, Location) VALUES(59,""Leo Tolstoy "",1828,1910,410,""Author"",""Europe"");"
"""Pablo Picasso """,1881,1973,460,"""Artist""","""Europe""",,"INSERT INTO history(Id, Name, Birth, Death, Width, Category, Location)",60,"VALUES(60,""Pablo Picasso "",1881,1973,460,""Artist"",""Europe"");","INSERT INTO history(Id, Name, Birth, Death, Width, Category, Location) VALUES(60,""Pablo Picasso "",1881,1973,460,""Artist"",""Europe"");"
"""Oscar Wilde """,1854,1900,230,"""Author""","""Europe""",,"INSERT INTO history(Id, Name, Birth, Death, Width, Category, Location)",61,"VALUES(61,""Oscar Wilde "",1854,1900,230,""Author"",""Europe"");","INSERT INTO history(Id, Name, Birth, Death, Width, Category, Location) VALUES(61,""Oscar Wilde "",1854,1900,230,""Author"",""Europe"");"
"""Coco Chanel """,1883,1971,440,"""Fashion""","""Europe""",,"INSERT INTO history(Id, Name, Birth, Death, Width, Category, Location)",62,"VALUES(62,""Coco Chanel "",1883,1971,440,""Fashion"",""Europe"");","INSERT INTO history(Id, Name, Birth, Death, Width, Category, Location) VALUES(62,""Coco Chanel "",1883,1971,440,""Fashion"",""Europe"");"
"""Charles de Gaulle """,1890,1970,400,"""Politician""","""Europe""",,"INSERT INTO history(Id, Name, Birth, Death, Width, Category, Location)",63,"VALUES(63,""Charles de Gaulle "",1890,1970,400,""Politician"",""Europe"");","INSERT INTO history(Id, Name, Birth, Death, Width, Category, Location) VALUES(63,""Charles de Gaulle "",1890,1970,400,""Politician"",""Europe"");"
"""Amelia Earhart """,1897,1937,200,"""Aviation""","""North America""",,"INSERT INTO history(Id, Name, Birth, Death, Width, Category, Location)",64,"VALUES(64,""Amelia Earhart "",1897,1937,200,""Aviation"",""North America"");","INSERT INTO history(Id, Name, Birth, Death, Width, Category, Location) VALUES(64,""Amelia Earhart "",1897,1937,200,""Aviation"",""North America"");"
"""John M Keynes """,1883,1946,315,"""Economist""","""Europe""",,"INSERT INTO history(Id, Name, Birth, Death, Width, Category, Location)",65,"VALUES(65,""John M Keynes "",1883,1946,315,""Economist"",""Europe"");","INSERT INTO history(Id, Name, Birth, Death, Width, Category, Location) VALUES(65,""John M Keynes "",1883,1946,315,""Economist"",""Europe"");"
"""Louis Pasteur """,1822,1895,365,"""Scientist""","""Europe""",,"INSERT INTO history(Id, Name, Birth, Death, Width, Category, Location)",66,"VALUES(66,""Louis Pasteur "",1822,1895,365,""Scientist"",""Europe"");","INSERT INTO history(Id, Name, Birth, Death, Width, Category, Location) VALUES(66,""Louis Pasteur "",1822,1895,365,""Scientist"",""Europe"");"
"""Mikhail Gorbachev """,1931,2019,440,"""Politician""","""Europe""",,"INSERT INTO history(Id, Name, Birth, Death, Width, Category, Location)",67,"VALUES(67,""Mikhail Gorbachev "",1931,2019,440,""Politician"",""Europe"");","INSERT INTO history(Id, Name, Birth, Death, Width, Category, Location) VALUES(67,""Mikhail Gorbachev "",1931,2019,440,""Politician"",""Europe"");"
"""Plato """,-423,-348,375,"""Philosopher""","""Europe""",,"INSERT INTO history(Id, Name, Birth, Death, Width, Category, Location)",68,"VALUES(68,""Plato "",-423,-348,375,""Philosopher"",""Europe"");","INSERT INTO history(Id, Name, Birth, Death, Width, Category, Location) VALUES(68,""Plato "",-423,-348,375,""Philosopher"",""Europe"");"
"""Adolf Hitler """,1889,1945,280,"""Politician""","""Europe""",,"INSERT INTO history(Id, Name, Birth, Death, Width, Category, Location)",69,"VALUES(69,""Adolf Hitler "",1889,1945,280,""Politician"",""Europe"");","INSERT INTO history(Id, Name, Birth, Death, Width, Category, Location) VALUES(69,""Adolf Hitler "",1889,1945,280,""Politician"",""Europe"");"
"""Sting """,1951,2019,340,"""Music""","""Europe""",,"INSERT INTO history(Id, Name, Birth, Death, Width, Category, Location)",70,"VALUES(70,""Sting "",1951,2019,340,""Music"",""Europe"");","INSERT INTO history(Id, Name, Birth, Death, Width, Category, Location) VALUES(70,""Sting "",1951,2019,340,""Music"",""Europe"");"
"""Mary Magdalene """,-4,-40,-180,"""Religion""","""Asia""",,"INSERT INTO history(Id, Name, Birth, Death, Width, Category, Location)",71,"VALUES(71,""Mary Magdalene "",-4,-40,-180,""Religion"",""Asia"");","INSERT INTO history(Id, Name, Birth, Death, Width, Category, Location) VALUES(71,""Mary Magdalene "",-4,-40,-180,""Religion"",""Asia"");"
"""Alfred Hitchcock """,1899,1980,405,"""Entertainer""","""North America""",,"INSERT INTO history(Id, Name, Birth, Death, Width, Category, Location)",72,"VALUES(72,""Alfred Hitchcock "",1899,1980,405,""Entertainer"",""North America"");","INSERT INTO history(Id, Name, Birth, Death, Width, Category, Location) VALUES(72,""Alfred Hitchcock "",1899,1980,405,""Entertainer"",""North America"");"
"""Michael Jackson """,1958,2009,255,"""Music""","""North America""",,"INSERT INTO history(Id, Name, Birth, Death, Width, Category, Location)",73,"VALUES(73,""Michael Jackson "",1958,2009,255,""Music"",""North America"");","INSERT INTO history(Id, Name, Birth, Death, Width, Category, Location) VALUES(73,""Michael Jackson "",1958,2009,255,""Music"",""North America"");"
"""Madonna """,1958,2019,305,"""Music""","""North America""",,"INSERT INTO history(Id, Name, Birth, Death, Width, Category, Location)",74,"VALUES(74,""Madonna "",1958,2019,305,""Music"",""North America"");","INSERT INTO history(Id, Name, Birth, Death, Width, Category, Location) VALUES(74,""Madonna "",1958,2019,305,""Music"",""North America"");"
"""Mata Hari """,1876,1917,205,"""Politician""","""Europe""",,"INSERT INTO history(Id, Name, Birth, Death, Width, Category, Location)",75,"VALUES(75,""Mata Hari "",1876,1917,205,""Politician"",""Europe"");","INSERT INTO history(Id, Name, Birth, Death, Width, Category, Location) VALUES(75,""Mata Hari "",1876,1917,205,""Politician"",""Europe"");"
"""Cleopatra """,-69,-30,195,"""Monarchy""","""Africa""",,"INSERT INTO history(Id, Name, Birth, Death, Width, Category, Location)",76,"VALUES(76,""Cleopatra "",-69,-30,195,""Monarchy"",""Africa"");","INSERT INTO history(Id, Name, Birth, Death, Width, Category, Location) VALUES(76,""Cleopatra "",-69,-30,195,""Monarchy"",""Africa"");"
"""Grace Kelly """,1929,1982,265,"""Entertainer""","""North America""",,"INSERT INTO history(Id, Name, Birth, Death, Width, Category, Location)",77,"VALUES(77,""Grace Kelly "",1929,1982,265,""Entertainer"",""North America"");","INSERT INTO history(Id, Name, Birth, Death, Width, Category, Location) VALUES(77,""Grace Kelly "",1929,1982,265,""Entertainer"",""North America"");"
"""Steve Jobs """,1955,2012,285,"""Business""","""North America""",,"INSERT INTO history(Id, Name, Birth, Death, Width, Category, Location)",78,"VALUES(78,""Steve Jobs "",1955,2012,285,""Business"",""North America"");","INSERT INTO history(Id, Name, Birth, Death, Width, Category, Location) VALUES(78,""Steve Jobs "",1955,2012,285,""Business"",""North America"");"
"""Ronald Reagan """,1911,2004,465,"""Politician""","""North America""",,"INSERT INTO history(Id, Name, Birth, Death, Width, Category, Location)",79,"VALUES(79,""Ronald Reagan "",1911,2004,465,""Politician"",""North America"");","INSERT INTO history(Id, Name, Birth, Death, Width, Category, Location) VALUES(79,""Ronald Reagan "",1911,2004,465,""Politician"",""North America"");"
"""Lionel Messi """,1987,2019,160,"""Sports""","""South America""",,"INSERT INTO history(Id, Name, Birth, Death, Width, Category, Location)",80,"VALUES(80,""Lionel Messi "",1987,2019,160,""Sports"",""South America"");","INSERT INTO history(Id, Name, Birth, Death, Width, Category, Location) VALUES(80,""Lionel Messi "",1987,2019,160,""Sports"",""South America"");"
"""Babe Ruth """,1895,1948,265,"""Sports""","""North America""",,"INSERT INTO history(Id, Name, Birth, Death, Width, Category, Location)",81,"VALUES(81,""Babe Ruth "",1895,1948,265,""Sports"",""North America"");","INSERT INTO history(Id, Name, Birth, Death, Width, Category, Location) VALUES(81,""Babe Ruth "",1895,1948,265,""Sports"",""North America"");"
"""Bob Geldof """,1951,2019,340,"""Music""","""Europe""",,"INSERT INTO history(Id, Name, Birth, Death, Width, Category, Location)",82,"VALUES(82,""Bob Geldof "",1951,2019,340,""Music"",""Europe"");","INSERT INTO history(Id, Name, Birth, Death, Width, Category, Location) VALUES(82,""Bob Geldof "",1951,2019,340,""Music"",""Europe"");"
"""Leon Trotsky """,1879,1940,305,"""Politician""","""Europe""",,"INSERT INTO history(Id, Name, Birth, Death, Width, Category, Location)",83,"VALUES(83,""Leon Trotsky "",1879,1940,305,""Politician"",""Europe"");","INSERT INTO history(Id, Name, Birth, Death, Width, Category, Location) VALUES(83,""Leon Trotsky "",1879,1940,305,""Politician"",""Europe"");"
"""Roger Federer """,1981,2019,190,"""Sports""","""Europe""",,"INSERT INTO history(Id, Name, Birth, Death, Width, Category, Location)",84,"VALUES(84,""Roger Federer "",1981,2019,190,""Sports"",""Europe"");","INSERT INTO history(Id, Name, Birth, Death, Width, Category, Location) VALUES(84,""Roger Federer "",1981,2019,190,""Sports"",""Europe"");"
"""Sigmund Freud """,1856,1939,415,"""Psychology""","""Australia""",,"INSERT INTO history(Id, Name, Birth, Death, Width, Category, Location)",85,"VALUES(85,""Sigmund Freud "",1856,1939,415,""Psychology"",""Australia"");","INSERT INTO history(Id, Name, Birth, Death, Width, Category, Location) VALUES(85,""Sigmund Freud "",1856,1939,415,""Psychology"",""Australia"");"
"""Woodrow Wilson """,1856,1924,340,"""Politician""","""North America""",,"INSERT INTO history(Id, Name, Birth, Death, Width, Category, Location)",86,"VALUES(86,""Woodrow Wilson "",1856,1924,340,""Politician"",""North America"");","INSERT INTO history(Id, Name, Birth, Death, Width, Category, Location) VALUES(86,""Woodrow Wilson "",1856,1924,340,""Politician"",""North America"");"
"""Mao Zedong """,1893,1976,415,"""Politician""","""Asia""",,"INSERT INTO history(Id, Name, Birth, Death, Width, Category, Location)",87,"VALUES(87,""Mao Zedong "",1893,1976,415,""Politician"",""Asia"");","INSERT INTO history(Id, Name, Birth, Death, Width, Category, Location) VALUES(87,""Mao Zedong "",1893,1976,415,""Politician"",""Asia"");"
"""Katherine Hepburn """,1907,2003,480,"""Entertainer""","""North America""",,"INSERT INTO history(Id, Name, Birth, Death, Width, Category, Location)",88,"VALUES(88,""Katherine Hepburn "",1907,2003,480,""Entertainer"",""North America"");","INSERT INTO history(Id, Name, Birth, Death, Width, Category, Location) VALUES(88,""Katherine Hepburn "",1907,2003,480,""Entertainer"",""North America"");"
"""Audrey Hepburn """,1929,1993,320,"""Entertainer""","""Europe""",,"INSERT INTO history(Id, Name, Birth, Death, Width, Category, Location)",89,"VALUES(89,""Audrey Hepburn "",1929,1993,320,""Entertainer"",""Europe"");","INSERT INTO history(Id, Name, Birth, Death, Width, Category, Location) VALUES(89,""Audrey Hepburn "",1929,1993,320,""Entertainer"",""Europe"");"
"""David Beckham """,1975,2019,220,"""Sports""","""Europe""",,"INSERT INTO history(Id, Name, Birth, Death, Width, Category, Location)",90,"VALUES(90,""David Beckham "",1975,2019,220,""Sports"",""Europe"");","INSERT INTO history(Id, Name, Birth, Death, Width, Category, Location) VALUES(90,""David Beckham "",1975,2019,220,""Sports"",""Europe"");"
"""Tiger Woods """,1975,2019,220,"""Sports""","""North America""",,"INSERT INTO history(Id, Name, Birth, Death, Width, Category, Location)",91,"VALUES(91,""Tiger Woods "",1975,2019,220,""Sports"",""North America"");","INSERT INTO history(Id, Name, Birth, Death, Width, Category, Location) VALUES(91,""Tiger Woods "",1975,2019,220,""Sports"",""North America"");"
"""Usain Bolt """,1986,2019,165,"""Sports""","""North America""",,"INSERT INTO history(Id, Name, Birth, Death, Width, Category, Location)",92,"VALUES(92,""Usain Bolt "",1986,2019,165,""Sports"",""North America"");","INSERT INTO history(Id, Name, Birth, Death, Width, Category, Location) VALUES(92,""Usain Bolt "",1986,2019,165,""Sports"",""North America"");"
"""Carl Lewis """,1961,2019,290,"""Sports""","""North America""",,"INSERT INTO history(Id, Name, Birth, Death, Width, Category, Location)",93,"VALUES(93,""Carl Lewis "",1961,2019,290,""Sports"",""North America"");","INSERT INTO history(Id, Name, Birth, Death, Width, Category, Location) VALUES(93,""Carl Lewis "",1961,2019,290,""Sports"",""North America"");"
"""Prince Charles """,1948,2019,355,"""Monarchy""","""Europe""",,"INSERT INTO history(Id, Name, Birth, Death, Width, Category, Location)",94,"VALUES(94,""Prince Charles "",1948,2019,355,""Monarchy"",""Europe"");","INSERT INTO history(Id, Name, Birth, Death, Width, Category, Location) VALUES(94,""Prince Charles "",1948,2019,355,""Monarchy"",""Europe"");"
"""Jacqueline Kennedy Onassis """,1929,1994,325,"""Politician""","""North America""",,"INSERT INTO history(Id, Name, Birth, Death, Width, Category, Location)",95,"VALUES(95,""Jacqueline Kennedy Onassis "",1929,1994,325,""Politician"",""North America"");","INSERT INTO history(Id, Name, Birth, Death, Width, Category, Location) VALUES(95,""Jacqueline Kennedy Onassis "",1929,1994,325,""Politician"",""North America"");"
"""C.S. Lewis """,1898,1963,325,"""Author""","""Europe""",,"INSERT INTO history(Id, Name, Birth, Death, Width, Category, Location)",96,"VALUES(96,""C.S. Lewis "",1898,1963,325,""Author"",""Europe"");","INSERT INTO history(Id, Name, Birth, Death, Width, Category, Location) VALUES(96,""C.S. Lewis "",1898,1963,325,""Author"",""Europe"");"
"""Billie Holiday """,1915,1959,220,"""Music""","""North America""",,"INSERT INTO history(Id, Name, Birth, Death, Width, Category, Location)",97,"VALUES(97,""Billie Holiday "",1915,1959,220,""Music"",""North America"");","INSERT INTO history(Id, Name, Birth, Death, Width, Category, Location) VALUES(97,""Billie Holiday "",1915,1959,220,""Music"",""North America"");"
"""J.R.R. Tolkien """,1892,1973,405,"""Author""","""Europe""",,"INSERT INTO history(Id, Name, Birth, Death, Width, Category, Location)",98,"VALUES(98,""J.R.R. Tolkien "",1892,1973,405,""Author"",""Europe"");","INSERT INTO history(Id, Name, Birth, Death, Width, Category, Location) VALUES(98,""J.R.R. Tolkien "",1892,1973,405,""Author"",""Europe"");"
"""Billie Jean King """,1943,2019,380,"""Sports""","""North America""",,"INSERT INTO history(Id, Name, Birth, Death, Width, Category, Location)",99,"VALUES(99,""Billie Jean King "",1943,2019,380,""Sports"",""North America"");","INSERT INTO history(Id, Name, Birth, Death, Width, Category, Location) VALUES(99,""Billie Jean King "",1943,2019,380,""Sports"",""North America"");"
"""Anne Frank """,1929,1945,80,"""Activist""","""Europe""",,"INSERT INTO history(Id, Name, Birth, Death, Width, Category, Location)",100,"VALUES(100,""Anne Frank "",1929,1945,80,""Activist"",""Europe"");","INSERT INTO history(Id, Name, Birth, Death, Width, Category, Location) VALUES(100,""Anne Frank "",1929,1945,80,""Activist"",""Europe"");"
"""Simon Bolivar """,1783,1830,235,"""Activist""","""South America""",,"INSERT INTO history(Id, Name, Birth, Death, Width, Category, Location)",101,"VALUES(101,""Simon Bolivar "",1783,1830,235,""Activist"",""South America"");","INSERT INTO history(Id, Name, Birth, Death, Width, Category, Location) VALUES(101,""Simon Bolivar "",1783,1830,235,""Activist"",""South America"");"
"""Marie Antoinette """,1755,1793,190,"""Monarchy""","""Europe""",,"INSERT INTO history(Id, Name, Birth, Death, Width, Category, Location)",102,"VALUES(102,""Marie Antoinette "",1755,1793,190,""Monarchy"",""Europe"");","INSERT INTO history(Id, Name, Birth, Death, Width, Category, Location) VALUES(102,""Marie Antoinette "",1755,1793,190,""Monarchy"",""Europe"");"
"""Cristiano Ronaldo """,1985,2019,170,"""Sports""","""Europe""",,"INSERT INTO history(Id, Name, Birth, Death, Width, Category, Location)",103,"VALUES(103,""Cristiano Ronaldo "",1985,2019,170,""Sports"",""Europe"");","INSERT INTO history(Id, Name, Birth, Death, Width, Category, Location) VALUES(103,""Cristiano Ronaldo "",1985,2019,170,""Sports"",""Europe"");"
"""Emmeline Pankhurst  """,1858,1928,350,"""Activist""","""Europe""",,"INSERT INTO history(Id, Name, Birth, Death, Width, Category, Location)",104,"VALUES(104,""Emmeline Pankhurst  "",1858,1928,350,""Activist"",""Europe"");","INSERT INTO history(Id, Name, Birth, Death, Width, Category, Location) VALUES(104,""Emmeline Pankhurst  "",1858,1928,350,""Activist"",""Europe"");"
"""Emile Zatopek """,1922,2000,390,"""Sports""","""Europe""",,"INSERT INTO history(Id, Name, Birth, Death, Width, Category, Location)",105,"VALUES(105,""Emile Zatopek "",1922,2000,390,""Sports"",""Europe"");","INSERT INTO history(Id, Name, Birth, Death, Width, Category, Location) VALUES(105,""Emile Zatopek "",1922,2000,390,""Sports"",""Europe"");"
"""Lech Walesa """,1943,2019,380,"""Activist""","""Europe""",,"INSERT INTO history(Id, Name, Birth, Death, Width, Category, Location)",106,"VALUES(106,""Lech Walesa "",1943,2019,380,""Activist"",""Europe"");","INSERT INTO history(Id, Name, Birth, Death, Width, Category, Location) VALUES(106,""Lech Walesa "",1943,2019,380,""Activist"",""Europe"");"
"""Julie Andrews """,1935,2019,420,"""Music""","""Europe""",,"INSERT INTO history(Id, Name, Birth, Death, Width, Category, Location)",107,"VALUES(107,""Julie Andrews "",1935,2019,420,""Music"",""Europe"");","INSERT INTO history(Id, Name, Birth, Death, Width, Category, Location) VALUES(107,""Julie Andrews "",1935,2019,420,""Music"",""Europe"");"
"""Florence Nightingale """,1820,1910,450,"""Medicine""","""Europe""",,"INSERT INTO history(Id, Name, Birth, Death, Width, Category, Location)",108,"VALUES(108,""Florence Nightingale "",1820,1910,450,""Medicine"",""Europe"");","INSERT INTO history(Id, Name, Birth, Death, Width, Category, Location) VALUES(108,""Florence Nightingale "",1820,1910,450,""Medicine"",""Europe"");"
"""Marie Curie """,1867,1934,335,"""Scientist""","""Europe""",,"INSERT INTO history(Id, Name, Birth, Death, Width, Category, Location)",109,"VALUES(109,""Marie Curie "",1867,1934,335,""Scientist"",""Europe"");","INSERT INTO history(Id, Name, Birth, Death, Width, Category, Location) VALUES(109,""Marie Curie "",1867,1934,335,""Scientist"",""Europe"");"
"""Stephen Hawking """,1942,2019,385,"""Scientist""","""Europe""",,"INSERT INTO history(Id, Name, Birth, Death, Width, Category, Location)",110,"VALUES(110,""Stephen Hawking "",1942,2019,385,""Scientist"",""Europe"");","INSERT INTO history(Id, Name, Birth, Death, Width, Category, Location) VALUES(110,""Stephen Hawking "",1942,2019,385,""Scientist"",""Europe"");"
"""Tim Berners Lee """,1955,2019,320,"""Technology""","""Europe""",,"INSERT INTO history(Id, Name, Birth, Death, Width, Category, Location)",111,"VALUES(111,""Tim Berners Lee "",1955,2019,320,""Technology"",""Europe"");","INSERT INTO history(Id, Name, Birth, Death, Width, Category, Location) VALUES(111,""Tim Berners Lee "",1955,2019,320,""Technology"",""Europe"");"
"""Lance Armstrong """,1971,2019,240,"""Sports""","""North America""",,"INSERT INTO history(Id, Name, Birth, Death, Width, Category, Location)",112,"VALUES(112,""Lance Armstrong "",1971,2019,240,""Sports"",""North America"");","INSERT INTO history(Id, Name, Birth, Death, Width, Category, Location) VALUES(112,""Lance Armstrong "",1971,2019,240,""Sports"",""North America"");"
"""Shakira """,1977,2019,210,"""Music""","""South America""",,"INSERT INTO history(Id, Name, Birth, Death, Width, Category, Location)",113,"VALUES(113,""Shakira "",1977,2019,210,""Music"",""South America"");","INSERT INTO history(Id, Name, Birth, Death, Width, Category, Location) VALUES(113,""Shakira "",1977,2019,210,""Music"",""South America"");"
"""Jon Stewart """,1962,2019,285,"""Entertainer""","""North America""",,"INSERT INTO history(Id, Name, Birth, Death, Width, Category, Location)",114,"VALUES(114,""Jon Stewart "",1962,2019,285,""Entertainer"",""North America"");","INSERT INTO history(Id, Name, Birth, Death, Width, Category, Location) VALUES(114,""Jon Stewart "",1962,2019,285,""Entertainer"",""North America"");"
"""Orville Wright""",1871,1948,385,"""Inventor""","""North America""",,"INSERT INTO history(Id, Name, Birth, Death, Width, Category, Location)",115,"VALUES(115,""Orville Wright"",1871,1948,385,""Inventor"",""North America"");","INSERT INTO history(Id, Name, Birth, Death, Width, Category, Location) VALUES(115,""Orville Wright"",1871,1948,385,""Inventor"",""North America"");"
"""Wilbur Wright""",1867,1912,225,"""Inventor""","""North America""",,"INSERT INTO history(Id, Name, Birth, Death, Width, Category, Location)",116,"VALUES(116,""Wilbur Wright"",1867,1912,225,""Inventor"",""North America"");","INSERT INTO history(Id, Name, Birth, Death, Width, Category, Location) VALUES(116,""Wilbur Wright"",1867,1912,225,""Inventor"",""North America"");"
"""Roman Abramovich """,1966,2019,265,"""Business""","""Europe""",,"INSERT INTO history(Id, Name, Birth, Death, Width, Category, Location)",117,"VALUES(117,""Roman Abramovich "",1966,2019,265,""Business"",""Europe"");","INSERT INTO history(Id, Name, Birth, Death, Width, Category, Location) VALUES(117,""Roman Abramovich "",1966,2019,265,""Business"",""Europe"");"
"""Tom Cruise """,1962,2019,285,"""Entertainer""","""North America""",,"INSERT INTO history(Id, Name, Birth, Death, Width, Category, Location)",118,"VALUES(118,""Tom Cruise "",1962,2019,285,""Entertainer"",""North America"");","INSERT INTO history(Id, Name, Birth, Death, Width, Category, Location) VALUES(118,""Tom Cruise "",1962,2019,285,""Entertainer"",""North America"");"
"""Rupert Murdoch """,1931,2019,440,"""Entertainer""","""North America""",,"INSERT INTO history(Id, Name, Birth, Death, Width, Category, Location)",119,"VALUES(119,""Rupert Murdoch "",1931,2019,440,""Entertainer"",""North America"");","INSERT INTO history(Id, Name, Birth, Death, Width, Category, Location) VALUES(119,""Rupert Murdoch "",1931,2019,440,""Entertainer"",""North America"");"
"""Al Gore """,1948,2019,355,"""Politician""","""North America""",,"INSERT INTO history(Id, Name, Birth, Death, Width, Category, Location)",120,"VALUES(120,""Al Gore "",1948,2019,355,""Politician"",""North America"");","INSERT INTO history(Id, Name, Birth, Death, Width, Category, Location) VALUES(120,""Al Gore "",1948,2019,355,""Politician"",""North America"");"
"""Sacha Baron Cohen """,1971,2019,240,"""Entertainer""","""Europe""",,"INSERT INTO history(Id, Name, Birth, Death, Width, Category, Location)",121,"VALUES(121,""Sacha Baron Cohen "",1971,2019,240,""Entertainer"",""Europe"");","INSERT INTO history(Id, Name, Birth, Death, Width, Category, Location) VALUES(121,""Sacha Baron Cohen "",1971,2019,240,""Entertainer"",""Europe"");"
"""George Clooney """,1961,2019,290,"""Entertainer""","""North America""",,"INSERT INTO history(Id, Name, Birth, Death, Width, Category, Location)",122,"VALUES(122,""George Clooney "",1961,2019,290,""Entertainer"",""North America"");","INSERT INTO history(Id, Name, Birth, Death, Width, Category, Location) VALUES(122,""George Clooney "",1961,2019,290,""Entertainer"",""North America"");"
"""Paul Krugman """,1953,2019,330,"""Economist""","""North America""",,"INSERT INTO history(Id, Name, Birth, Death, Width, Category, Location)",123,"VALUES(123,""Paul Krugman "",1953,2019,330,""Economist"",""North America"");","INSERT INTO history(Id, Name, Birth, Death, Width, Category, Location) VALUES(123,""Paul Krugman "",1953,2019,330,""Economist"",""North America"");"
"""Jimmy Wales """,1966,2019,265,"""Technology""","""North America""",,"INSERT INTO history(Id, Name, Birth, Death, Width, Category, Location)",124,"VALUES(124,""Jimmy Wales "",1966,2019,265,""Technology"",""North America"");","INSERT INTO history(Id, Name, Birth, Death, Width, Category, Location) VALUES(124,""Jimmy Wales "",1966,2019,265,""Technology"",""North America"");"
"""Brad Pitt """,1963,2019,280,"""Entertainer""","""North America""",,"INSERT INTO history(Id, Name, Birth, Death, Width, Category, Location)",125,"VALUES(125,""Brad Pitt "",1963,2019,280,""Entertainer"",""North America"");","INSERT INTO history(Id, Name, Birth, Death, Width, Category, Location) VALUES(125,""Brad Pitt "",1963,2019,280,""Entertainer"",""North America"");"
"""Kylie Minogue """,1968,2019,255,"""Music""","""Australia""",,"INSERT INTO history(Id, Name, Birth, Death, Width, Category, Location)",126,"VALUES(126,""Kylie Minogue "",1968,2019,255,""Music"",""Australia"");","INSERT INTO history(Id, Name, Birth, Death, Width, Category, Location) VALUES(126,""Kylie Minogue "",1968,2019,255,""Music"",""Australia"");"
"""Malala Yousafzai """,1997,2019,110,"""Activist""","""Asia""",,"INSERT INTO history(Id, Name, Birth, Death, Width, Category, Location)",127,"VALUES(127,""Malala Yousafzai "",1997,2019,110,""Activist"",""Asia"");","INSERT INTO history(Id, Name, Birth, Death, Width, Category, Location) VALUES(127,""Malala Yousafzai "",1997,2019,110,""Activist"",""Asia"");"
"""Stephen King """,1947,2019,360,"""Author""","""North America""",,"INSERT INTO history(Id, Name, Birth, Death, Width, Category, Location)",128,"VALUES(128,""Stephen King "",1947,2019,360,""Author"",""North America"");","INSERT INTO history(Id, Name, Birth, Death, Width, Category, Location) VALUES(128,""Stephen King "",1947,2019,360,""Author"",""North America"");"